Celebrity,Current Ranking,Current Price,Avg. 21-Day Price,Avg. 21-Day Price/Current Price,All-Time High Price,All-Time High Price/Current Price,Days Since All-Time High Price,Gender,Age,Upcoming Birthday,U.S. Nationality,Living Status,Celebrity Bucks Recommendation,Last Update
Taylor Swift,1,723000,114000,0.158,3011000,4.165,1759,Female,30,Upcoming birthday,U.S. national,Alive,Buy,2020-12-11 11:23:17.899069
Donald Trump,2,409000,222000,0.543,6977000,17.059,1492,Male,74,No upcoming birthday,U.S. national,Alive,Buy,2020-12-11 11:38:18.213679
Kim Kardashian,3,296000,44000,0.149,2661000,8.99,2392,Female,40,No upcoming birthday,U.S. national,Alive,Buy,2020-12-11 11:43:25.665445
Ellen DeGeneres,4,250000,22000,0.088,3039000,12.156,2474,Female,62,No upcoming birthday,U.S. national,Alive,Buy,2020-12-11 11:43:26.962762
Perez Hilton,5,245000,109000,0.445,651000,2.657,658,NaN,NaN,NaN,NaN,Alive,Buy,2020-12-11 11:43:29.614332
George Clooney,6,182000,43000,0.236,1721000,9.456,2265,Male,59,No upcoming birthday,U.S. national,Alive,Buy,2020-12-11 11:43:31.067048
Matthew Morrison,7,165000,13000,0.079,274000,1.661,2243,Male,42,No upcoming birthday,U.S. national,Alive,Buy,2020-12-11 11:43:32.469663
Chris Evans,8,150000,15000,0.1,559000,3.727,2057,Male,39,No upcoming birthday,U.S. national,Alive,Buy,2020-12-11 11:43:33.828484
Johnny Depp,9,128000,25000,0.195,1918000,14.984,1659,Male,57,No upcoming birthday,U.S. national,Alive,Buy,2020-12-11 11:43:35.187534
Dolly Parton,10,126000,35000,0.278,504000,4.0,669,Female,74,No upcoming birthday,U.S. national,Alive,Buy,2020-12-11 11:43:36.463808
Ariana Grande,11,125000,24000,0.192,4003000,32.024,1297,Female,27,No upcoming birthday,U.S. national,Alive,Buy,2020-12-11 11:45:04.133528
Dionne Warwick,12,114000,15000,0.132,272000,2.386,1672,Female,79,Upcoming birthday,U.S. national,Alive,Buy,2020-12-11 11:45:05.428421
Wendy Williams,13,113000,18000,0.159,579000,5.124,1135,Female,56,No upcoming birthday,U.S. national,Alive,Buy,2020-12-11 11:45:06.643863
Meryl Streep,14,106000,21000,0.198,3000000,28.302,1431,Female,71,No upcoming birthday,U.S. national,Alive,Buy,2020-12-11 11:45:08.484078
Emily Blunt,15,104000,6000,0.058,445000,4.279,2032,Female,37,No upcoming birthday,Foreign to U.S.,Alive,Buy,2020-12-11 11:45:09.681536
Kelly Clarkson,16,104000,33000,0.317,716000,6.885,934,Female,38,No upcoming birthday,U.S. national,Alive,Buy,2020-12-11 11:45:10.894198
Kylie Jenner,17,104000,31000,0.298,360000,3.462,195,Female,23,No upcoming birthday,U.S. national,Alive,Buy,2020-12-11 11:45:12.092090
Hayden Christensen,18,100000,5000,0.05,287000,2.87,1177,Male,39,No upcoming birthday,Foreign to U.S.,Alive,Buy,2020-12-11 11:45:13.337961
Tom Hiddleston,19,99000,5000,0.051,1129000,11.404,1638,Male,39,No upcoming birthday,Foreign to U.S.,Alive,Buy,2020-12-11 11:45:14.547413
Nicolas Cage,20,94000,14000,0.149,357000,3.798,622,Male,56,No upcoming birthday,U.S. national,Alive,Buy,2020-12-11 11:45:15.921754
Cassie,21,94000,12000,0.128,619000,6.585,639,NaN,NaN,NaN,NaN,Alive,Buy,2020-12-11 11:45:18.368543
Larsa Pippen,22,92000,27000,0.293,345000,3.75,30,NaN,NaN,NaN,NaN,Alive,Buy,2020-12-11 11:45:20.824949
Gwyneth Paltrow,23,88000,10000,0.114,1852000,21.045,2451,Female,48,No upcoming birthday,U.S. national,Alive,Buy,2020-12-11 11:45:22.142575
RuPaul,24,86000,8000,0.093,293000,3.407,1365,Male,60,No upcoming birthday,U.S. national,Alive,Buy,2020-12-11 11:45:23.444570
Ben Affleck,25,86000,17000,0.198,1702000,19.791,1989,Male,48,No upcoming birthday,U.S. national,Alive,Buy,2020-12-11 11:45:24.811433
Lori Loughlin,26,85000,30000,0.353,2050000,24.118,638,Female,56,No upcoming birthday,U.S. national,Alive,Hold,2020-12-11 11:45:26.033182
Harrison Ford,27,85000,5000,0.059,1528000,17.976,2106,Male,78,No upcoming birthday,U.S. national,Alive,Buy,2020-12-11 11:45:27.334338
Kid Cudi,28,84000,6000,0.071,287000,3.417,916,Male,36,No upcoming birthday,U.S. national,Alive,Buy,2020-12-11 12:05:15.775644
Joe Manganiello,29,81000,9000,0.111,884000,10.914,1844,Male,43,No upcoming birthday,U.S. national,Alive,Buy,2020-12-11 12:05:34.840015
Bob Odenkirk,30,76000,4000,0.053,178000,2.342,2078,Male,58,No upcoming birthday,U.S. national,Alive,Buy,2020-12-11 12:05:36.168806
Khloe Kardashian,31,75000,22000,0.293,1502000,20.027,973,Female,36,No upcoming birthday,U.S. national,Alive,Buy,2020-12-11 16:20:19.811060
Sebastian Stan,32,73000,5000,0.068,125000,1.712,2044,Male,37,No upcoming birthday,Foreign to U.S.,Alive,Buy,2020-12-11 16:20:21.082301
Carrie Ann Inaba,33,73000,6000,0.082,158000,2.164,1457,Female,52,No upcoming birthday,U.S. national,Alive,Buy,2020-12-11 16:20:22.284093
Christian Bale,34,70000,5000,0.071,482000,6.886,2228,Male,46,No upcoming birthday,Foreign to U.S.,Alive,Buy,2020-12-11 16:20:23.513343
Tom Hanks,35,67000,14000,0.209,1296000,19.343,273,Male,64,No upcoming birthday,U.S. national,Alive,Buy,2020-12-11 16:20:24.876995
Chris Pratt,36,67000,8000,0.119,1356000,20.239,1221,Male,41,No upcoming birthday,U.S. national,Alive,Hold,2020-12-11 16:20:26.149633
Keanu Reeves,37,66000,6000,0.091,456000,6.909,2240,Male,56,No upcoming birthday,Foreign to U.S.,Alive,Buy,2020-12-11 16:20:27.526169
Miley Cyrus,38,66000,61000,0.924,3146000,47.667,1928,Female,28,No upcoming birthday,U.S. national,Alive,Hold,2020-12-11 16:20:28.813853
Anthony Mackie,39,66000,6000,0.091,288000,4.364,2587,Male,41,No upcoming birthday,U.S. national,Alive,Buy,2020-12-11 16:20:30.091756
Miranda Cosgrove,40,65000,3000,0.046,65000,1.0,1,Female,27,No upcoming birthday,U.S. national,Alive,Buy,2020-12-11 16:20:31.346367
Jerry Trainor,41,65000,3000,0.046,65000,1.0,1,Male,43,No upcoming birthday,U.S. national,Alive,Buy,2020-12-11 16:20:32.820044
Rihanna,42,65000,23000,0.354,1496000,23.015,1564,Female,32,No upcoming birthday,Foreign to U.S.,Alive,Hold,2020-12-11 16:20:34.162640
Jennifer Lopez,43,64000,37000,0.578,1507000,23.547,311,Female,51,No upcoming birthday,U.S. national,Alive,Buy,2020-12-11 16:22:34.743476
Kanye West,44,64000,20000,0.312,3100000,48.438,1763,Male,43,No upcoming birthday,U.S. national,Alive,Hold,2020-12-11 16:22:36.067235
Michael Douglas,45,63000,3000,0.048,759000,12.048,2523,Male,76,No upcoming birthday,U.S. national,Alive,Buy,2020-12-11 16:22:37.367520
Charlize Theron,46,63000,6000,0.095,569000,9.032,2037,Female,45,No upcoming birthday,Foreign to U.S.,Alive,Hold,2020-12-11 16:22:38.716696
Christine Teigen,47,62000,31000,0.5,716000,11.548,1885,Female,35,No upcoming birthday,U.S. national,Alive,Sell,2020-12-11 16:22:40.426401
Jay-Z,48,62000,11000,0.177,1009000,16.274,1047,Male,51,No upcoming birthday,U.S. national,Alive,Buy,2020-12-11 16:22:41.829409
Chris Hemsworth,49,61000,14000,0.23,783000,12.836,2213,Male,37,No upcoming birthday,Foreign to U.S.,Alive,Buy,2020-12-11 16:22:43.191033
Diego Luna,50,61000,5000,0.082,187000,3.066,763,Male,40,No upcoming birthday,Foreign to U.S.,Alive,Buy,2020-12-11 16:22:44.509488
Natalie Portman,51,61000,6000,0.098,474000,7.77,2590,Female,39,No upcoming birthday,Foreign to U.S.,Alive,Hold,2020-12-11 16:22:45.843127
Billie Eilish,52,60000,29000,0.483,1108000,18.467,318,Female,18,Upcoming birthday,U.S. national,Alive,Hold,2020-12-11 16:24:22.464350
Mariah Carey,53,59000,33000,0.559,1119000,18.966,1438,Female,50,No upcoming birthday,U.S. national,Alive,Hold,2020-12-11 16:24:23.783254
LeBron James,54,59000,18000,0.305,553000,9.373,892,Male,35,No upcoming birthday,U.S. national,Alive,Hold,2020-12-11 16:24:25.061917
Nathan Kress,55,58000,3000,0.052,61000,1.052,2317,Male,28,No upcoming birthday,U.S. national,Alive,Buy,2020-12-11 16:24:26.391139
Jimmy Fallon,56,58000,12000,0.207,1670000,28.793,2487,Male,46,No upcoming birthday,U.S. national,Alive,Buy,2020-12-11 16:24:27.832066
Brian Baumgartner,57,58000,3000,0.052,213000,3.672,2419,Male,48,No upcoming birthday,U.S. national,Alive,Buy,2020-12-11 16:24:29.128646
Hailee Steinfeld,58,58000,11000,0.19,237000,4.086,1317,Female,24,Upcoming birthday,U.S. national,Alive,Buy,2020-12-11 16:24:30.417009
Tobey Maguire,59,58000,9000,0.155,322000,5.552,1513,Male,45,No upcoming birthday,U.S. national,Alive,Hold,2020-12-11 16:24:31.767420
Naya Rivera,60,56000,10000,0.179,2126000,37.964,149,Female,33,No upcoming birthday,U.S. national,Alive,Hold,2020-12-11 16:24:33.039107
Daisy Ridley,61,56000,5000,0.089,348000,6.214,1704,NaN,NaN,NaN,NaN,Alive,Buy,2020-12-11 16:24:35.592038
Michelle Pfeiffer,62,56000,5000,0.089,381000,6.804,2593,Female,62,No upcoming birthday,U.S. national,Alive,Hold,2020-12-11 16:24:36.876673
Ewan McGregor,63,55000,3000,0.055,264000,4.8,1416,Male,49,No upcoming birthday,Foreign to U.S.,Alive,Buy,2020-12-11 16:24:38.243663
Amy Adams,64,55000,12000,0.218,763000,13.873,2523,Female,46,No upcoming birthday,Foreign to U.S.,Alive,Buy,2020-12-11 16:24:39.591733
Prince William,65,55000,32000,0.582,1311000,23.836,2049,NaN,NaN,NaN,NaN,Alive,Sell,2020-12-11 16:24:42.238907
Jessica Simpson,66,54000,6000,0.111,869000,16.093,2349,Female,40,No upcoming birthday,U.S. national,Alive,Hold,2020-12-11 16:24:43.565695
Alfred Molina,67,53000,11000,0.208,198000,3.736,1,Male,67,No upcoming birthday,Foreign to U.S.,Alive,Sell,2020-12-11 16:24:44.922924
Drew Barrymore,68,52000,10000,0.192,683000,13.135,1713,Female,45,No upcoming birthday,U.S. national,Alive,Buy,2020-12-11 16:24:46.277652
Dave Grohl,69,50000,6000,0.12,497000,9.94,2007,Male,51,No upcoming birthday,U.S. national,Alive,Buy,2020-12-11 16:24:47.651138
Kourtney Kardashian,70,49000,18000,0.367,1332000,27.184,1983,Female,41,No upcoming birthday,U.S. national,Alive,Hold,2020-12-11 16:24:48.890112
Goldie Hawn,71,48000,12000,0.25,528000,11.0,1309,Female,75,No upcoming birthday,U.S. national,Alive,Hold,2020-12-11 16:24:50.232502
Kurt Russell,72,48000,13000,0.271,316000,6.583,1316,Male,69,No upcoming birthday,U.S. national,Alive,Hold,2020-12-11 16:24:51.528607
Jamie Dornan,73,48000,7000,0.146,738000,15.375,2128,Male,38,No upcoming birthday,Foreign to U.S.,Alive,Hold,2020-12-11 16:24:52.774026
Andy Samberg,74,48000,6000,0.125,1207000,25.146,1908,Male,42,No upcoming birthday,U.S. national,Alive,Buy,2020-12-11 16:24:54.114039
Will Ferrell,75,47000,4000,0.085,669000,14.234,2086,Male,53,No upcoming birthday,U.S. national,Alive,Hold,2020-12-11 16:24:55.529456
Angelina Jolie,76,46000,13000,0.283,3846000,83.609,1541,Female,45,No upcoming birthday,U.S. national,Alive,Hold,2020-12-11 16:24:58.310815
Heidi Klum,77,46000,8000,0.174,639000,13.891,2596,Female,47,No upcoming birthday,Foreign to U.S.,Alive,Buy,2020-12-11 16:24:59.619574
Paul Rudd,78,46000,2000,0.043,877000,19.065,2548,Male,51,No upcoming birthday,U.S. national,Alive,Hold,2020-12-11 16:25:02.761085
Seth Meyers,79,46000,7000,0.152,1257000,27.326,2298,Male,46,No upcoming birthday,U.S. national,Alive,Buy,2020-12-11 16:25:04.016201
Gal Gadot,80,46000,14000,0.304,559000,12.152,1289,Female,35,No upcoming birthday,Foreign to U.S.,Alive,Hold,2020-12-11 16:25:07.066559
John Legend,81,45000,19000,0.422,877000,19.489,2117,Male,41,No upcoming birthday,U.S. national,Alive,Hold,2020-12-11 16:25:08.347750
Emma Stone,82,45000,11000,0.244,1578000,35.067,1382,Female,32,No upcoming birthday,U.S. national,Alive,Hold,2020-12-11 16:25:09.677148
Julia Roberts,83,45000,4000,0.089,674000,14.978,2474,Female,53,No upcoming birthday,U.S. national,Alive,Buy,2020-12-11 16:25:11.028428
Rosario Dawson,84,44000,14000,0.318,221000,5.023,2199,Female,41,No upcoming birthday,U.S. national,Alive,Buy,2020-12-11 16:25:12.312028
Rachel McAdams,85,44000,2000,0.045,377000,8.568,2333,Female,42,No upcoming birthday,Foreign to U.S.,Alive,Buy,2020-12-11 16:25:13.616084
Jamie Foxx,86,44000,6000,0.136,625000,14.205,1786,Male,52,Upcoming birthday,U.S. national,Alive,Hold,2020-12-11 16:25:14.942460
Britney Spears,87,43000,13000,0.302,1236000,28.744,1568,Female,39,No upcoming birthday,U.S. national,Alive,Buy,2020-12-11 16:25:16.379631
Wesley Snipes,88,43000,3000,0.07,122000,2.837,1904,Male,58,No upcoming birthday,U.S. national,Alive,Hold,2020-12-11 16:25:17.625751
Kevin Hart,89,43000,11000,0.256,1162000,27.023,734,Male,41,No upcoming birthday,U.S. national,Alive,Hold,2020-12-11 16:25:19.251167
Barack Obama,90,43000,38000,0.884,810000,18.837,1420,Male,59,No upcoming birthday,U.S. national,Alive,Hold,2020-12-11 16:25:20.565079
Jada Pinkett Smith,91,42000,12000,0.286,879000,20.929,1787,Female,49,No upcoming birthday,U.S. national,Alive,Sell,2020-12-11 16:25:21.833335
Elizabeth Olsen,92,42000,4000,0.095,263000,6.262,2464,Female,31,No upcoming birthday,U.S. national,Alive,Buy,2020-12-11 16:25:23.069115
Prince Harry,93,42000,35000,0.833,4477000,106.595,936,NaN,NaN,NaN,NaN,Alive,Hold,2020-12-11 16:25:26.249318
Kris Jenner,94,41000,10000,0.244,644000,15.707,1861,NaN,NaN,NaN,NaN,Alive,Buy,2020-12-11 16:25:29.405640
Whoopi Goldberg,95,41000,6000,0.146,400000,9.756,1746,Female,65,No upcoming birthday,U.S. national,Alive,Buy,2020-12-11 16:25:30.829098
Steve McQueen,96,41000,9000,0.22,770000,18.78,2474,Male,NaN,No upcoming birthday,Foreign to U.S.,Dead,Hold,2020-12-11 16:25:32.146497
January Jones,97,41000,5000,0.122,258000,6.293,2457,Female,42,No upcoming birthday,U.S. national,Alive,Hold,2020-12-11 16:25:34.201416
Prince Charles,98,41000,24000,0.585,737000,17.976,260,Male,72,No upcoming birthday,Foreign to U.S.,Alive,Hold,2020-12-11 16:25:35.556234
Morgan Stewart,99,41000,3000,0.073,74000,1.805,158,NaN,NaN,NaN,NaN,Alive,Buy,2020-12-11 16:25:38.177231
Leonardo DiCaprio,100,40000,3000,0.075,2643000,66.075,1746,Male,46,No upcoming birthday,U.S. national,Alive,Buy,2020-12-11 16:25:39.528356
Lil Wayne,101,40000,14000,0.35,522000,13.05,2100,Male,38,No upcoming birthday,U.S. national,Alive,Buy,2020-12-11 16:25:40.794001
Demi Moore,102,40000,4000,0.1,690000,17.25,443,Female,58,No upcoming birthday,U.S. national,Alive,Buy,2020-12-11 16:50:18.148506
Meghan Markle,103,40000,45000,1.125,5529000,138.225,936,Female,39,No upcoming birthday,U.S. national,Alive,Sell,2020-12-11 16:50:19.409191
Jimmy Kimmel,104,40000,15000,0.375,2430000,60.75,1382,Male,53,No upcoming birthday,U.S. national,Alive,Hold,2020-12-11 16:50:21.909079
Ivanka Trump,105,39000,12000,0.308,747000,19.154,924,Female,39,No upcoming birthday,U.S. national,Alive,Hold,2020-12-11 16:50:23.164825
Hillary Clinton,106,39000,5000,0.128,3735000,95.769,1493,Female,73,No upcoming birthday,U.S. national,Alive,Hold,2020-12-11 16:50:24.450110
Benedict Cumberbatch,107,38000,6000,0.158,704000,18.526,2226,Male,44,No upcoming birthday,Foreign to U.S.,Alive,Hold,2020-12-11 16:50:25.792055
Kathryn Newton,108,38000,5000,0.132,98000,2.579,29,Female,23,No upcoming birthday,U.S. national,Alive,Buy,2020-12-11 16:50:27.058103
Beyonce,109,38000,11000,0.289,1871000,49.237,1397,NaN,NaN,NaN,NaN,Alive,Buy,2020-12-11 16:50:29.776128
Jennifer Lawrence,110,38000,12000,0.316,2237000,58.868,2474,Female,30,No upcoming birthday,U.S. national,Alive,Hold,2020-12-11 16:50:31.065309
Rose McGowan,111,38000,3000,0.079,1097000,28.868,1155,Female,47,No upcoming birthday,Foreign to U.S.,Alive,Hold,2020-12-11 16:50:32.333923
Gwen Stefani,112,37000,26000,0.703,1722000,46.541,1862,Female,51,No upcoming birthday,U.S. national,Alive,Sell,2020-12-11 16:50:33.629409
Stephen Colbert,113,37000,14000,0.378,1773000,47.919,2435,Male,56,No upcoming birthday,U.S. national,Alive,Buy,2020-12-11 16:50:34.895224
Chris Brown,114,37000,12000,0.324,2041000,55.162,1562,Male,31,No upcoming birthday,U.S. national,Alive,Hold,2020-12-11 16:50:36.121699
Jennifer Hudson,115,36000,7000,0.194,572000,15.889,1119,Female,39,No upcoming birthday,U.S. national,Alive,Hold,2020-12-11 16:50:37.401008
Paul Bettany,116,36000,10000,0.278,262000,7.278,2498,Male,49,No upcoming birthday,Foreign to U.S.,Alive,Buy,2020-12-11 16:50:39.409771
Kelly Ripa,117,35000,7000,0.2,1174000,33.543,1694,Female,50,No upcoming birthday,U.S. national,Alive,Hold,2020-12-11 16:50:40.648035
Ryan Reynolds,118,35000,31000,0.886,1184000,33.829,1764,Male,44,No upcoming birthday,Foreign to U.S.,Alive,Buy,2020-12-11 16:50:41.938481
Jon Favreau,119,35000,4000,0.114,308000,8.8,1534,Male,54,No upcoming birthday,U.S. national,Alive,Buy,2020-12-11 16:50:43.206938
Kacey Musgraves,120,35000,2000,0.057,810000,23.143,668,NaN,NaN,NaN,NaN,Alive,Hold,2020-12-11 16:50:45.760855
Zooey Deschanel,121,35000,3000,0.086,397000,11.343,2158,Female,40,No upcoming birthday,U.S. national,Alive,Hold,2020-12-11 16:50:47.036859
Christopher Walken,122,34000,2000,0.059,340000,10.0,2341,Male,77,No upcoming birthday,U.S. national,Alive,Hold,2020-12-11 16:53:23.266921
Kate Middleton,123,34000,30000,0.882,1263000,37.147,2049,NaN,NaN,NaN,NaN,Alive,Sell,2020-12-11 16:53:25.771709
Matthew McConaughey,124,34000,9000,0.265,1764000,51.882,2474,Male,51,No upcoming birthday,U.S. national,Alive,Hold,2020-12-11 16:53:27.078377
Tyler Perry,125,34000,8000,0.235,353000,10.382,430,Male,51,No upcoming birthday,U.S. national,Alive,Hold,2020-12-11 16:53:28.375481
Justin Bieber,126,33000,48000,1.455,4674000,141.636,2512,Male,26,No upcoming birthday,Foreign to U.S.,Alive,Hold,2020-12-11 16:53:29.687622
Kobe Bryant,127,33000,13000,0.394,6020000,182.424,318,Male,41,No upcoming birthday,Foreign to U.S.,Dead,Hold,2020-12-11 16:53:30.988950
Evangeline Lilly,128,33000,2000,0.061,276000,8.364,2328,Female,41,No upcoming birthday,Foreign to U.S.,Alive,Hold,2020-12-11 16:53:32.270282
Shaquille O'Neal,129,32000,2000,0.062,270000,8.438,317,Male,48,No upcoming birthday,U.S. national,Alive,Hold,2020-12-11 16:53:33.527842
Selena Gomez,130,32000,43000,1.344,1114000,34.812,1137,Female,28,No upcoming birthday,U.S. national,Alive,Hold,2020-12-11 16:53:34.816635
Demi Lovato,131,31000,10000,0.323,2623000,84.613,869,Female,28,No upcoming birthday,U.S. national,Alive,Buy,2020-12-11 16:53:36.102075
Mark Ruffalo,132,31000,9000,0.29,399000,12.871,2067,Male,53,No upcoming birthday,U.S. national,Alive,Buy,2020-12-11 16:53:37.699453
Nicole Kidman,133,30000,28000,0.933,923000,30.767,1179,Female,53,No upcoming birthday,U.S. national,Alive,Hold,2020-12-11 16:53:39.195612
Cyndi Lauper,134,30000,4000,0.133,226000,7.533,1046,Female,67,No upcoming birthday,U.S. national,Alive,Hold,2020-12-11 16:53:40.438844
Hilary Duff,135,28000,8000,0.286,584000,20.857,2525,Female,33,No upcoming birthday,U.S. national,Alive,Hold,2020-12-11 16:53:41.694996
Mark Ronson,136,28000,3000,0.107,222000,7.929,1759,NaN,NaN,NaN,NaN,Alive,Hold,2020-12-11 16:53:44.122874
Bradley Whitford,137,28000,2000,0.071,78000,2.786,1907,Male,61,No upcoming birthday,U.S. national,Alive,Hold,2020-12-11 16:53:45.359881
Keegan-Michael Key,138,28000,4000,0.143,134000,4.786,2055,Male,49,No upcoming birthday,U.S. national,Alive,Buy,2020-12-11 16:53:46.584421
Hayden Panettiere,139,28000,1000,0.036,424000,15.143,2298,Female,31,No upcoming birthday,U.S. national,Alive,Hold,2020-12-11 16:53:47.882476
John Krasinski,140,28000,2000,0.071,436000,15.571,977,Male,41,No upcoming birthday,U.S. national,Alive,Hold,2020-12-11 16:53:49.305644
Mark Consuelos,141,27000,4000,0.148,163000,6.037,989,Male,49,No upcoming birthday,Foreign to U.S.,Alive,Hold,2020-12-11 16:53:50.509071
Aretha Franklin,142,27000,3000,0.111,3037000,112.481,846,Female,76,No upcoming birthday,Foreign to U.S.,Dead,Hold,2020-12-11 16:53:51.855025
Andy Cohen,143,27000,7000,0.259,354000,13.111,2256,NaN,NaN,NaN,NaN,Alive,Hold,2020-12-11 16:53:54.309872
Amber Heard,144,26000,7000,0.269,1745000,67.115,1659,Female,34,No upcoming birthday,U.S. national,Alive,Hold,2020-12-11 16:53:55.515137
Jon Bon Jovi,145,26000,3000,0.115,324000,12.462,2570,Male,58,No upcoming birthday,U.S. national,Alive,Hold,2020-12-11 16:53:57.589746
Kendall Jenner,146,26000,14000,0.538,1426000,54.846,1345,Female,25,No upcoming birthday,U.S. national,Alive,Hold,2020-12-11 16:53:59.271982
Scarlett Johansson,147,26000,4000,0.154,876000,33.692,2506,Female,36,No upcoming birthday,U.S. national,Alive,Hold,2020-12-11 16:54:00.617428
Chandra Wilson,148,26000,3000,0.115,56000,2.154,335,Female,51,No upcoming birthday,U.S. national,Alive,Hold,2020-12-11 16:54:01.871895
Michelle Obama,149,26000,6000,0.231,1076000,41.385,1605,Female,NaN,No upcoming birthday,Foreign to U.S.,Alive,Hold,2020-12-11 16:54:03.083630
Catherine Zeta-Jones,150,25000,3000,0.12,195000,7.8,2430,Female,51,No upcoming birthday,Foreign to U.S.,Alive,Hold,2020-12-11 16:54:04.440508
Aretha Franklin,226,14000,3000,0.214,3037000,216.929,846,Female,76,No upcoming birthday,U.S. national,Dead,Hold,2020-12-11 17:10:34.919031
M. Night Shyamalan,150,25000,3000,0.12,376000,15.04,1417,Male,50,No upcoming birthday,Foreign to U.S.,Alive,Hold,2020-12-11 17:12:59.887392
Kirk Douglas,151,25000,1000,0.04,948000,37.92,308,Male,103,No upcoming birthday,U.S. national,Dead,Hold,2020-12-11 17:13:01.455543
Don Cheadle,149,25000,10000,0.4,202000,8.08,2555,Male,56,No upcoming birthday,U.S. national,Alive,Hold,2020-12-11 17:13:02.787551
Alex Rodriguez,156,24000,8000,0.333,716000,29.833,641,Male,45,No upcoming birthday,U.S. national,Alive,Hold,2020-12-11 17:13:04.284579
Tim Roth,131,29000,2000,0.069,154000,5.31,2226,Male,59,No upcoming birthday,Foreign to U.S.,Alive,Hold,2020-12-11 17:13:05.777994
Meghan Trainor,159,24000,3000,0.125,396000,16.5,1672,NaN,NaN,NaN,NaN,Alive,Hold,2020-12-11 17:13:08.240680
Meg Ryan,215,16000,1000,0.062,300000,18.75,2422,Female,59,No upcoming birthday,U.S. national,Alive,Hold,2020-12-11 17:13:09.707721
Melania Trump,129,29000,15000,0.517,1630000,56.207,1605,Female,50,No upcoming birthday,Foreign to U.S.,Alive,Hold,2020-12-11 17:13:10.976857
Sienna Miller,155,24000,5000,0.208,340000,14.167,2508,Female,38,No upcoming birthday,U.S. national,Alive,Hold,2020-12-11 17:13:12.233464
Reese Witherspoon,106,36000,11000,0.306,675000,18.75,2118,Female,44,No upcoming birthday,U.S. national,Alive,Hold,2020-12-11 17:13:13.718681
Ryan Seacrest,154,24000,8000,0.333,780000,32.5,1011,Male,45,No upcoming birthday,U.S. national,Alive,Hold,2020-12-11 17:13:15.001463
Stephen Moyer,603,5000,1000,0.2,232000,46.4,2367,Male,51,No upcoming birthday,Foreign to U.S.,Alive,Hold,2020-12-11 17:13:16.262892
Bruce Springsteen,204,17000,7000,0.412,492000,28.941,1706,Male,71,No upcoming birthday,U.S. national,Alive,Hold,2020-12-11 17:13:17.672088
Spike Lee,338,10000,3000,0.3,1447000,144.7,654,Male,63,No upcoming birthday,U.S. national,Alive,Hold,2020-12-11 17:13:19.161563
Anna Paquin,612,5000,1000,0.2,229000,45.8,2367,Female,38,No upcoming birthday,Foreign to U.S.,Alive,Hold,2020-12-11 17:13:21.551780
Snooki,164,22000,8000,0.364,560000,25.455,2202,NaN,NaN,NaN,NaN,Alive,Hold,2020-12-11 17:24:45.658855
Ice Cube,162,23000,2000,0.087,460000,20.0,1946,Male,51,No upcoming birthday,U.S. national,NaN,Hold,2020-12-11 17:40:09.249630
Brie Larson,134,28000,2000,0.071,1189000,42.464,1746,Female,31,No upcoming birthday,U.S. national,NaN,Hold,2020-12-11 17:40:10.428184
Sarah Paulson,167,22000,7000,0.318,609000,27.682,1544,Female,45,Upcoming birthday,U.S. national,NaN,Hold,2020-12-11 17:40:11.868199
Owen Wilson,177,21000,1000,0.048,686000,32.667,2101,Male,52,No upcoming birthday,U.S. national,NaN,Hold,2020-12-11 17:40:13.269974
Kathy Griffin,172,21000,4000,0.19,1661000,79.095,1289,Female,60,No upcoming birthday,U.S. national,NaN,Hold,2020-12-11 17:40:14.782969
John Rich,173,21000,1000,0.048,46000,2.19,1165,NaN,NaN,NaN,NaN,NaN,Hold,2020-12-11 17:40:17.289080
Slash,342,9000,20000,2.222,209000,23.222,2172,Male,55,No upcoming birthday,Foreign to U.S.,NaN,Hold,2020-12-11 17:40:18.618849
Hayden Christensen,18,106000,5000,0.047,287000,2.708,1177,Male,39,No upcoming birthday,Foreign to U.S.,Alive,Buy,2020-12-11 17:50:13.465571
Tom Hiddleston,12,132000,7000,0.053,1129000,8.553,1638,Male,39,No upcoming birthday,Foreign to U.S.,Alive,Buy,2020-12-11 17:50:14.699355
Nicolas Cage,157,24000,14000,0.583,357000,14.875,622,Male,56,No upcoming birthday,U.S. national,Alive,Sell,2020-12-11 17:50:16.273441
Cassie,19,103000,12000,0.117,619000,6.01,639,NaN,NaN,NaN,NaN,NaN,Buy,2020-12-11 17:50:18.707325
Larsa Pippen,30,79000,27000,0.342,345000,4.367,30,NaN,NaN,NaN,NaN,NaN,Buy,2020-12-11 17:50:21.169580
Gwyneth Paltrow,42,66000,10000,0.152,1852000,28.061,2451,Female,48,No upcoming birthday,U.S. national,Alive,Hold,2020-12-11 17:50:22.672290
RuPaul,91,42000,9000,0.214,293000,6.976,1365,Male,60,No upcoming birthday,U.S. national,Alive,Sell,2020-12-11 17:50:23.922279
Ben Affleck,35,73000,17000,0.233,1702000,23.315,1989,Male,48,No upcoming birthday,U.S. national,Alive,Hold,2020-12-11 17:50:25.459379
Lori Loughlin,52,60000,30000,0.5,2050000,34.167,638,Female,56,No upcoming birthday,U.S. national,Alive,Sell,2020-12-11 17:50:26.707012
Harrison Ford,17,108000,6000,0.056,1528000,14.148,2106,Male,78,No upcoming birthday,U.S. national,Alive,Buy,2020-12-11 17:50:28.268044
Norma Shearer,716,1000,1000,1.0,26000,26.0,409,Female,82,No upcoming birthday,Foreign to U.S.,Dead,Hold,2020-12-11 17:51:14.585481
Jean Marais,718,1000,1000,1.0,14000,14.0,2533,Male,84,Upcoming birthday,Foreign to U.S.,Dead,Hold,2020-12-11 17:51:16.987880
Paul Dano,715,1000,1000,1.0,260000,260.0,419,Male,36,No upcoming birthday,U.S. national,Alive,Hold,2020-12-11 17:51:18.216716
Charles Dance,714,1000,1000,1.0,126000,126.0,2272,Male,74,No upcoming birthday,Foreign to U.S.,Alive,Hold,2020-12-11 17:51:19.689572
Phil Keoghan,717,1000,1000,1.0,35000,35.0,2559,Male,53,No upcoming birthday,Foreign to U.S.,Alive,Hold,2020-12-11 17:51:20.953957
Cole Sprouse,711,3000,1000,0.333,280000,93.333,506,Male,28,No upcoming birthday,Foreign to U.S.,Alive,Hold,2020-12-11 17:51:55.957249
Judith Light,713,3000,1000,0.333,75000,25.0,1543,Female,71,No upcoming birthday,U.S. national,Alive,Hold,2020-12-11 17:51:57.317504
Perez Hilton,5,245000,112000,0.457,651000,2.657,658,NaN,NaN,NaN,NaN,NaN,Buy,2020-12-11 17:53:49.224515
Perez Hilton,5,245000,112000,0.457,651000,2.657,658,NaN,NaN,NaN,NaN,NaN,Buy,2020-12-11 18:16:21.974000
Mark Ronson,137,28000,3000,0.107,222000,7.929,1759,NaN,NaN,NaN,NaN,NaN,Hold,2020-12-11 18:16:49.210186
Bradley Whitford,138,28000,2000,0.071,78000,2.786,1907,Male,61,No upcoming birthday,U.S. national,Alive,Hold,2020-12-11 18:16:50.505913
Keegan-Michael Key,111,34000,4000,0.118,134000,3.941,2055,Male,49,No upcoming birthday,U.S. national,Alive,Hold,2020-12-11 18:16:51.808996
Hayden Panettiere,136,28000,1000,0.036,424000,15.143,2298,Female,31,No upcoming birthday,U.S. national,Alive,Hold,2020-12-11 18:16:53.130344
John Krasinski,133,28000,3000,0.107,436000,15.571,977,Male,41,No upcoming birthday,U.S. national,Alive,Buy,2020-12-11 18:16:54.641201
Mark Consuelos,166,22000,4000,0.182,163000,7.409,989,Male,49,No upcoming birthday,Foreign to U.S.,Alive,Hold,2020-12-11 18:16:55.896513
Aretha Franklin,226,14000,3000,0.214,3037000,216.929,846,Female,76,No upcoming birthday,U.S. national,Dead,Hold,2020-12-11 18:16:57.279561
Andy Cohen,191,19000,7000,0.368,354000,18.632,2256,NaN,NaN,NaN,NaN,NaN,Hold,2020-12-11 18:16:59.808954
Amber Heard,160,23000,7000,0.304,1745000,75.87,1659,Female,34,No upcoming birthday,U.S. national,Alive,Hold,2020-12-11 18:17:01.066445
Jon Bon Jovi,175,21000,3000,0.143,324000,15.429,2570,Male,58,No upcoming birthday,U.S. national,Alive,Hold,2020-12-11 18:17:02.393812
John Krasinski,133,28000,3000,0.107,436000,15.571,977,Male,41,No upcoming birthday,U.S. national,Alive,Buy,2020-12-11 18:19:46.292115
Jon Bon Jovi,175,21000,3000,0.143,324000,15.429,2570,Male,58,No upcoming birthday,U.S. national,Alive,Hold,2020-12-11 18:19:50.005611
John Krasinski,133,28000,3000,0.107,436000,15.571,977,Male,41,No upcoming birthday,U.S. national,Alive,Buy,2020-12-11 18:21:20.548236
Jon Bon Jovi,175,21000,3000,0.143,324000,15.429,2570,Male,58,No upcoming birthday,U.S. national,Alive,Hold,2020-12-11 18:21:24.404060
